name,count,tweet,
alice,147,"this some test text",
little,44,"this some test text",
queen,28,"this some test text",
rabbit,28,"this some test text",
king,24,"this some test text",
voice,19,"this some test text",
duchess,18,"this some test text",
mouse,18,"this some test text",
white,18,"this some test text",
door,17,"this some test text",
time,17,"this some test text",
looked,16,"this some test text",
found,15,"this some test text",
heard,15,"this some test text",
round,15,"this some test text",
caterpillar,14,"this some test text"